text,reply
"Hi I am vishvas i need leave for monday.","Leave request received.\nCurrently under review.\nDecision will be communicated."
"The internet is not working since yesterday!!","Connectivity issue noted.\nTechnical team assigned.\nInvestigation in progress."
"Great service, thank you so much!","Positive feedback received.\nAppreciation noted.\nThank you."
"My salary is wrong this month pls check","Salary query received.\nPayroll department reviewing.\nClarification in process."
"Package not delivered yet, order #45678","Concern received.\nMatter under review.\nInvestigation in progress."
"How can I update my email address?","Account update request logged.\nRelevant team reviewing.\nAssistance in progress."
"I forgot my password please help","Password reset request received.\nVerification in progress.\nRecovery steps underway."
"The product arrived damaged","Damage report noted.\nQuality team examining.\nResolution steps initiated."
"Thank you for fast delivery","Positive delivery feedback received.\nAppreciation noted.\nThank you."
"Can you send invoice for last month?","Invoice request received.\nRecords under review.\nDocument preparation underway."
"Order #98765 is missing one item","Missing item report logged.\nOrder details checking.\nAppropriate action in progress."
"Please cancel my subscription","Cancellation request received.\nProcess under review.\nConfirmation will follow."
"Your app is crashing on login","Login crash reported.\nTechnical team assigned.\nTroubleshooting underway."
"I want to return the item I bought yesterday","Return request noted.\nPolicy checking in progress.\nFurther steps initiated."
"Excellent support team helped me quickly","Positive support experience received.\nFeedback appreciated.\nThank you."
"Bill amount is higher than expected","Billing query received.\nDetails under examination.\nClarification in process."
"Can you add a new payment method?","Payment method update request logged.\nVerification in progress.\nUpdate underway."
"The website is showing error 404","Website error reported.\nTechnical team reviewing.\nResolution in progress."
"Please confirm my appointment for tomorrow","Appointment confirmation request received.\nSchedule under review.\nStatus update follows."
"Love the new features in the update","Positive feature feedback noted.\nAppreciation recorded.\nThank you."
"Hi team, can I get 2 days off next week?","Leave application received.\nReview process started.\nOutcome will follow."
"Internet speed is very slow today","Network performance concern logged.\nTechnical investigation underway.\nUpdate preparation in progress."
"Amazing product quality, 5 stars!","Positive product feedback received.\nGratitude noted.\nThank you."
"Salary slip for December is missing","Salary document request received.\nRecords checking.\nDelivery in process."
"Item is out of stock when I try to buy","Stock availability query noted.\nInventory under review.\nInformation forthcoming."
"Refund not received after return","Refund status inquiry received.\nTransaction details examining.\nResolution steps underway."
"Can you change delivery address?","Delivery address update request logged.\nVerification in progress.\nChange processing."
"App keeps logging me out","Session issue reported.\nTechnical team assigned.\nFix investigation in progress."
"Thank you for quick resolution","Positive resolution feedback received.\nAppreciation recorded.\nThank you."
"Where is my refund status?","Refund tracking request received.\nStatus under review.\nUpdate preparation underway."
"Please extend my trial period","Trial extension request noted.\nPolicy checking.\nDecision process started."
"Product color is different from photo","Product discrepancy reported.\nQuality verification underway.\nAppropriate action in progress."
"Excellent customer care service","Positive service experience logged.\nFeedback valued.\nThank you."
"Overcharged on my last bill","Overcharge concern received.\nBilling records examining.\nAdjustment in process."
"Need help setting up two-factor auth","Security setup request logged.\nGuidance preparation underway.\nAssistance in progress."
"Login page not loading","Access issue noted.\nTechnical team reviewing.\nResolution steps initiated."
"Very happy with the fast support","Positive support speed feedback received.\nGratitude noted.\nThank you."
"Can I upgrade my plan?","Plan upgrade request received.\nOptions under review.\nDetails forthcoming."
"Parcel returned to sender why?","Return to sender report logged.\nReason investigation in progress.\nClarification underway."
"Please approve my leave from 15th to 20th","Leave request submitted.\nApproval process started.\nDecision will be shared."
"WiFi connection drops frequently","Connection stability issue reported.\nNetwork team reviewing.\nFix in progress."
"Best purchase experience ever!","Positive shopping feedback received.\nAppreciation noted.\nThank you."
"Payroll deduction seems incorrect","Deduction query received.\nPayroll team examining.\nAdjustment review underway."
"Can I track my shipment status?","Shipment tracking request noted.\nStatus checking in progress.\nUpdate will follow."
"Return window expired but item defective","Return exception request received.\nPolicy review started.\nDecision forthcoming."
"Please update my contact number","Contact update request logged.\nVerification in progress.\nChange processing."
"Mobile app not opening","App access issue reported.\nTechnical team assigned.\nInvestigation underway."
"Thank you for resolving my issue fast","Positive resolution feedback noted.\nGratitude recorded.\nThank you."
"Subscription renewed without consent","Unauthorized renewal concern received.\nBilling review in progress.\nResolution steps initiated."
"Need technical support for software","Software support request received.\nTeam assigned.\nAssistance in progress."
"Product description was misleading","Description accuracy concern noted.\nReview process started.\nClarification underway."
"Outstanding service quality","Positive service feedback received.\nAppreciation valued.\nThank you."
"Tax calculation error in invoice","Tax query received.\nInvoice details checking.\nCorrection in process."
"Want to enable notifications","Notification setting request logged.\nConfiguration review underway.\nUpdate in progress."
"Server down for maintenance?","Server status inquiry received.\nSystem team checking.\nInformation forthcoming."
"Really impressed with the team","Positive team feedback noted.\nGratitude recorded.\nThank you."
"Can I change billing cycle?","Billing cycle update request received.\nOptions under review.\nChange processing."
"Delivery attempted but no one home","Delivery attempt noted.\nRescheduling in progress.\nNew attempt will follow."
"Requesting 3 days casual leave","Casual leave application received.\nReview process started.\nApproval status update follows."
"Broadband not working since morning","Broadband outage reported.\nTechnical team dispatched.\nRestoration in progress."
"Superb user interface design","Positive UI feedback received.\nAppreciation noted.\nThank you."
"Bonus not reflected in salary","Bonus query received.\nPayroll records examining.\nClarification in process."
"Where can I see order history?","Order history access request noted.\nAccount review underway.\nGuidance forthcoming."
"Item received in wrong size","Size mismatch report logged.\nExchange process started.\nResolution in progress."
"Please update my profile picture","Profile update request received.\nVerification in progress.\nChange processing."
"Payment gateway error during checkout","Payment issue reported.\nTechnical team reviewing.\nFix underway."
"Thanks for excellent customer support","Positive support feedback received.\nGratitude valued.\nThank you."
"Auto debit failed this month","Payment failure noted.\nBilling team checking.\nResolution steps initiated."
"Need API documentation access","API access request logged.\nPermission review in progress.\nApproval forthcoming."
"Packaging was damaged on arrival","Packaging concern received.\nQuality team examining.\nAppropriate action underway."
"Very satisfied with product performance","Positive performance feedback noted.\nAppreciation recorded.\nThank you."
"Discount code not working","Discount issue reported.\nCode validation in progress.\nResolution in process."
"Want to add family member to plan","Plan member addition request received.\nVerification underway.\nUpdate in progress."
"Email notifications stopped","Notification delivery issue noted.\nSettings review started.\nFix in progress."
"Happy with overall experience","Positive overall feedback received.\nGratitude noted.\nThank you."
"Can I transfer my account?","Account transfer request logged.\nPolicy checking.\nProcess in progress."
"Tracking shows delivered but not received","Delivery discrepancy reported.\nInvestigation started.\nResolution underway."
"Applying for sick leave tomorrow","Sick leave request received.\nReview process initiated.\nStatus update follows."
"Fiber connection unstable","Fiber stability concern logged.\nTechnical team assigned.\nInvestigation in progress."
"Beautiful design and functionality","Positive design feedback received.\nAppreciation valued.\nThank you."
"Provident fund contribution missing","PF query received.\nRecords examining.\nClarification in process."
"Please provide user manual","Manual request noted.\nDocument preparation underway.\nDelivery forthcoming."
"Exchange approved but no pickup","Exchange logistics issue reported.\nScheduling review in progress.\nUpdate follows."
"Please change registered email","Email change request received.\nVerification in progress.\nUpdate processing."
"Software update failed","Update failure reported.\nTechnical team reviewing.\nSolution in progress."
"Thank you for prompt assistance","Positive assistance feedback noted.\nGratitude recorded.\nThank you."
"Multiple charges on statement","Duplicate charge concern received.\nTransaction review started.\nRefund process initiated."
"Requesting developer account","Developer access request logged.\nApproval review in progress.\nStatus forthcoming."
"Item description not matching","Description mismatch noted.\nContent team examining.\nCorrection underway."
"Exceptional quality and service","Positive quality feedback received.\nAppreciation noted.\nThank you."
"Promo offer not applied","Promotion issue reported.\nEligibility checking.\nAdjustment in process."
"Need to update shipping preferences","Shipping update request received.\nProfile review underway.\nChange in progress."
"Push notifications not arriving","Notification issue noted.\nSettings examination started.\nResolution underway."
"Smooth and pleasant experience","Positive experience feedback received.\nGratitude valued.\nThank you."
"Can I merge two accounts?","Account merge request logged.\nVerification process started.\nDecision forthcoming."
"Order stuck in processing","Order status concern received.\nSystem checking.\nUpdate in progress."
"Requesting emergency leave","Emergency leave application received.\nPriority review started.\nResponse will follow."
"Mobile data not working","Mobile data issue reported.\nNetwork team investigating.\nRestoration in progress."
"Elegant and user-friendly","Positive usability feedback noted.\nAppreciation recorded.\nThank you."
"Gratuity calculation query","Gratuity query received.\nHR records examining.\nClarification in process."
"Please share terms and conditions","Terms request noted.\nDocument access preparation.\nLink forthcoming."
"Replacement not shipped yet","Replacement delay reported.\nLogistics review in progress.\nDispatch update follows."
"Please update mailing address","Address change request received.\nVerification underway.\nUpdate processing."
"Application hanging frequently","Performance issue reported.\nTechnical team assigned.\nOptimization in progress."
"Thanks for great service","Positive service feedback received.\nGratitude noted.\nThank you."
"Unauthorized transaction alert","Security concern received.\nFraud team reviewing.\nProtection steps initiated."
"Need sandbox environment access","Sandbox request logged.\nApproval process started.\nCredentials forthcoming."
"Specification listed incorrectly","Specification error noted.\nContent update in progress.\nCorrection underway."
"Top-notch delivery experience","Positive delivery feedback received.\nAppreciation valued.\nThank you."
"Voucher code expired early","Voucher issue reported.\nValidity checking.\nResolution in process."
"Want to modify subscription plan","Plan modification request received.\nOptions review underway.\nChange in progress."
"Email verification link expired","Verification issue noted.\nNew link generation in progress.\nResend forthcoming."
"Delighted with the product","Positive satisfaction feedback received.\nGratitude recorded.\nThank you."
"Can I port my number?","Number porting request logged.\nProcess review started.\nStatus update follows."
"Shipment delayed beyond estimate","Delay concern received.\nLogistics checking.\nNew timeline in progress."
"Requesting annual leave balance","Leave balance inquiry received.\nHR records accessing.\nInformation forthcoming."
"Voice calls dropping","Call quality issue reported.\nNetwork team investigating.\nImprovement underway."
"Clean and intuitive interface","Positive interface feedback noted.\nAppreciation noted.\nThank you."
"ESI deduction not showing","ESI query received.\nPayroll verification in progress.\nUpdate in process."
"Please provide installation guide","Guide request noted.\nDocument preparation underway.\nDelivery forthcoming."
"Return label not generated","Return logistics issue reported.\nLabel creation in progress.\nEmail forthcoming."
"Please correct my name spelling","Name correction request received.\nProfile update processing.\nConfirmation follows."
"System running slow after update","Performance degradation reported.\nTechnical review started.\nOptimization in progress."
"Appreciate the quick help","Positive help feedback received.\nGratitude valued.\nThank you."
"Card declined without reason","Payment decline concern received.\nTransaction analysis in progress.\nClarification forthcoming."
"Requesting beta program access","Beta access request logged.\nEligibility review underway.\nInvitation status follows."
"Image not loading on product page","Display issue noted.\nContent team checking.\nFix in progress."
"Seamless shopping experience","Positive shopping feedback received.\nAppreciation recorded.\nThank you."
"Gift card balance not updating","Balance issue reported.\nSystem checking.\nRefresh in process."
"Need to change default currency","Currency update request received.\nAccount settings review.\nChange processing."
"SMS verification not received","SMS delivery issue noted.\nCarrier checking.\nAlternative method in progress."
"Very pleased with support","Positive support feedback received.\nGratitude noted.\nThank you."
"Can I transfer license to new device?","License transfer request logged.\nValidation in progress.\nApproval forthcoming."
"Order confirmation email missing","Confirmation issue reported.\nSystem checking.\nResend in progress."
"Applying for maternity leave","Maternity leave request received.\nHR review started.\nPolicy guidance follows."
"Signal strength weak indoors","Coverage concern logged.\nNetwork team analyzing.\nImprovement planning underway."
"Modern and responsive design","Positive design feedback received.\nAppreciation valued.\nThank you."
"Income tax declaration missing","Tax query received.\nRecords verification in progress.\nUpdate in process."
"Please send user agreement copy","Agreement request noted.\nDocument preparation.\nDelivery forthcoming."
"RMA approved but no collection","Collection delay reported.\nLogistics scheduling.\nPickup update follows."
"Please update emergency contact","Contact update request received.\nProfile processing.\nConfirmation in progress."
"Dashboard not refreshing data","Data sync issue reported.\nTechnical team reviewing.\nFix underway."
"Thank you for excellent response time","Positive response feedback noted.\nGratitude recorded.\nThank you."
"Fraud alert on account","Security alert received.\nProtection team activated.\nVerification steps initiated."
"Need production API key","API key request logged.\nApproval process started.\nDelivery forthcoming."
"Technical specs outdated","Specification update needed.\nContent review in progress.\nRevision underway."
"Flawless transaction process","Positive transaction feedback received.\nAppreciation noted.\nThank you."
"Loyalty points not credited","Points issue reported.\nAccount checking.\nCredit in process."
"Want to enable auto-renewal","Auto-renewal request received.\nSettings update underway.\nConfirmation follows."
"Two-factor code delayed","Authentication delay noted.\nSystem review started.\nImprovement in progress."
"Highly recommend this service","Positive recommendation feedback received.\nGratitude valued.\nThank you."
"Can I downgrade my package?","Downgrade request logged.\nOptions review in progress.\nChange processing."
"Tracking number not updating","Tracking delay concern received.\nCarrier checking.\nStatus refresh in progress."
"Requesting compensatory off","Compensatory leave application received.\nReview process initiated.\nApproval forthcoming."
"4G speed reduced suddenly","Speed degradation reported.\nNetwork team investigating.\nRestoration underway."
"Professional and helpful team","Positive team feedback noted.\nAppreciation recorded.\nThank you."
"Variable pay component query","Variable pay inquiry received.\nHR records checking.\nClarification in process."
"Please provide privacy policy link","Policy request noted.\nDocument access preparation.\nLink forthcoming."
"Replacement item wrong model","Replacement mismatch reported.\nVerification in progress.\nCorrection underway."
"Please correct date of birth","DOB correction request received.\nProfile update processing.\nConfirmation follows."
"Loading time increased","Performance concern noted.\nTechnical team analyzing.\nOptimization in progress."
"Appreciate your patience and help","Positive patience feedback received.\nGratitude noted.\nThank you."
"Unknown deduction in payslip","Deduction query received.\nPayroll examination in progress.\nExplanation forthcoming."
"Requesting staging environment","Staging access request logged.\nApproval review underway.\nCredentials forthcoming."
"Video not playing on site","Media issue reported.\nContent team checking.\nFix in progress."
"Effortless checkout process","Positive checkout feedback received.\nAppreciation valued.\nThank you."
"Reward points expired unexpectedly","Expiry issue reported.\nPolicy checking.\nResolution in process."
"Need to update tax information","Tax update request received.\nAccount review underway.\nChange processing."
"Voice mail not working","Voicemail issue noted.\nSystem examination started.\nResolution underway."
"Satisfied customer here","Positive satisfaction feedback received.\nGratitude recorded.\nThank you."
"Can I reactivate old account?","Reactivation request logged.\nStatus checking.\nProcess in progress."
"Order cancelled but charged","Cancellation issue concern received.\nTransaction review started.\nRefund initiated."
"Requesting work from home tomorrow","WFH request received.\nApproval process started.\nDecision forthcoming."
"LTE connection unstable","LTE stability concern logged.\nNetwork analysis underway.\nImprovement in progress."
"Stunning visual design","Positive visual feedback noted.\nAppreciation noted.\nThank you."
"Reimbursement claim pending","Claim status inquiry received.\nFinance review in progress.\nUpdate forthcoming."
"Please share refund policy","Policy request noted.\nDocument preparation.\nInformation delivery underway."
"Repair status update needed","Repair tracking request received.\nService center checking.\nStatus forthcoming."
"Please update marital status","Status change request received.\nProfile processing.\nConfirmation in progress."
"Search function not working","Search issue reported.\nTechnical team reviewing.\nFix in progress."
"Grateful for the assistance","Positive assistance feedback received.\nGratitude valued.\nThank you."
"Suspicious email received","Security concern reported.\nVerification in progress.\nGuidance forthcoming."
"Need webhook documentation","Webhook docs request logged.\nResource preparation.\nLink forthcoming."
"Download link expired","Link issue noted.\nNew generation in progress.\nResend underway."
"Reliable and fast service","Positive reliability feedback received.\nAppreciation recorded.\nThank you."
"Cashback not received","Cashback query reported.\nTransaction checking.\nCredit in process."
"Want to disable paper statements","Statement preference request received.\nSettings update.\nChange processing."
"Call forwarding not active","Feature issue noted.\nConfiguration review started.\nActivation in progress."
"Completely satisfied","Positive satisfaction feedback received.\nGratitude noted.\nThank you."
"Can I gift my subscription?","Gifting request logged.\nPolicy review in progress.\nOptions forthcoming."
"Payment status shows pending","Payment concern received.\nBank reconciliation in progress.\nUpdate follows."
"Requesting half day leave","Half day request received.\nReview process started.\nApproval status forthcoming."
"Data usage showing incorrect","Usage discrepancy reported.\nBilling team checking.\nCorrection in process."
"Minimalist and elegant theme","Positive theme feedback noted.\nAppreciation valued.\nThank you."
"HRA component calculation query","HRA query received.\nPayroll verification.\nClarification in process."
"Please send compliance certificate","Certificate request noted.\nDocument preparation.\nDelivery forthcoming."
"Warranty claim processing slow","Claim delay concern received.\nService review in progress.\nUpdate in process."
"Please update bank details","Bank update request received.\nVerification processing.\nChange in progress."
"Map location not accurate","Location issue reported.\nData team checking.\nCorrection underway."
"Thank you for understanding","Positive understanding feedback received.\nGratitude recorded.\nThank you."
"Login attempt blocked","Security block noted.\nAccount review in progress.\nResolution steps initiated."
"Requesting OAuth integration guide","Integration guide request logged.\nDocumentation preparation.\nDelivery forthcoming."
"Thumbnail not generating","Media processing issue noted.\nSystem checking.\nFix in progress."
"Secure and trustworthy platform","Positive security feedback received.\nAppreciation noted.\nThank you."
"Referral bonus missing","Referral query reported.\nAccount checking.\nCredit processing."
"Need to change invoice address","Invoice update request received.\nBilling review.\nChange in progress."
"International roaming not activated","Roaming issue noted.\nConfiguration review.\nActivation underway."
"Exceeded expectations","Positive expectation feedback received.\nGratitude valued.\nThank you."
"Can I pause my subscription?","Pause request logged.\nPolicy checking.\nProcess in progress."
"Delivery partner contact missing","Delivery info concern received.\nLogistics checking.\nDetails forthcoming."
"Applying for paternity leave","Paternity leave request received.\nHR review initiated.\nGuidance follows."
"5G signal not available","5G coverage inquiry received.\nNetwork status checking.\nInformation forthcoming."
"Creative and innovative features","Positive innovation feedback noted.\nAppreciation recorded.\nThank you."
"TDS deduction query","TDS inquiry received.\nFinance records examining.\nClarification in process."
"Please provide cancellation policy","Policy request noted.\nDocument access.\nInformation delivery underway."
"Service appointment rescheduling needed","Reschedule request received.\nCalendar review.\nNew slot confirmation follows."
"Please update nationality","Nationality change request received.\nProfile processing.\nConfirmation in progress."
"Filter options not saving","Settings issue reported.\nTechnical team reviewing.\nPersistence fix underway."
"Appreciate the detailed response","Positive detail feedback received.\nGratitude noted.\nThank you."
"Account locked after attempts","Security lock noted.\nVerification process started.\nUnlock steps initiated."
"Need rate limit documentation","Rate limit docs request logged.\nResource preparation.\nLink forthcoming."
"Audio not playing","Audio issue reported.\nMedia team checking.\nResolution in progress."
"Professional and efficient","Positive efficiency feedback received.\nAppreciation valued.\nThank you."
"Welcome offer not applied","Offer issue reported.\nEligibility checking.\nApplication in process."
"Want to update communication preferences","Preference update request received.\nSettings review.\nChange processing."
"Conference call quality poor","Call quality concern logged.\nNetwork analysis underway.\nImprovement in progress."
"Outstanding performance","Positive performance feedback received.\nGratitude recorded.\nThank you."
"Can I extend trial period?","Extension request logged.\nPolicy review.\nDecision forthcoming."
"Order split into multiple packages","Split delivery note received.\nTracking update in progress.\nDetails forthcoming."
"Requesting bereavement leave","Bereavement leave application received.\nHR support initiated.\nApproval process started."
"Network congestion during peak hours","Congestion report logged.\nCapacity planning underway.\nImprovement scheduled."
"Thoughtful and caring support","Positive support feedback noted.\nAppreciation noted.\nThank you."
"Professional tax deduction missing","PT query received.\nPayroll checking.\nUpdate in process."
"Please send data retention policy","Policy request noted.\nDocument preparation.\nDelivery forthcoming."
"Calibration service status needed","Service tracking request received.\nCenter checking.\nUpdate forthcoming."
"Please update blood group","Medical info update request received.\nProfile processing.\nConfirmation follows."
"Auto-save feature not working","Save issue reported.\nTechnical team reviewing.\nFix in progress."
"Thank you for being patient","Positive patience feedback received.\nGratitude valued.\nThank you."
"Phishing attempt reported","Security report received.\nThreat analysis started.\nProtection measures initiated."
"Requesting error code reference","Error docs request logged.\nDocumentation preparation.\nLink forthcoming."
"Live chat disconnected","Chat issue noted.\nSession review in progress.\nImprovement underway."
"Trustworthy and reliable","Positive reliability feedback received.\nAppreciation recorded.\nThank you."
"Signup bonus not credited","Bonus query reported.\nAccount verification.\nCredit processing."
"Need to change legal entity name","Entity update request received.\nCompliance review.\nChange in progress."
"Video call lagging","Video quality concern logged.\nConnection analysis.\nOptimization in progress."
"Exceeded all expectations","Positive expectation feedback received.\nGratitude noted.\nThank you."
"Can I transfer points to another account?","Points transfer request logged.\nPolicy checking.\nProcess in progress."
"Customs clearance delayed","Clearance delay concern received.\nDocumentation review.\nUpdate forthcoming."
"Requesting study leave","Study leave application received.\nApproval review started.\nDecision forthcoming."
"Signal interference issues","Interference report logged.\nTechnical investigation.\nResolution in progress."
"Beautifully crafted experience","Positive craft feedback noted.\nAppreciation valued.\nThank you."
"Form 16 not received","Form 16 request received.\nFinance preparation.\nDelivery in process."
"Please provide accessibility statement","Statement request noted.\nDocument access.\nLink forthcoming."
"Installation appointment missed","Missed appointment concern received.\nRescheduling in progress.\nNew slot confirmation follows."
"Please update passport details","Passport update request received.\nProfile processing.\nConfirmation in progress."
"Offline mode not syncing","Sync issue reported.\nTechnical team reviewing.\nResolution underway."
"Appreciate your professionalism","Positive professionalism feedback received.\nGratitude recorded.\nThank you."
"Account compromise suspected","Security concern received.\nImmediate review started.\nProtection steps initiated."
"Need authentication flow diagram","Diagram request logged.\nResource preparation.\nDelivery forthcoming."
"Payment page timing out","Timeout issue noted.\nPerformance checking.\nFix in progress."
"Seamless and intuitive","Positive intuition feedback received.\nAppreciation noted.\nThank you."
"Early bird discount missing","Discount issue reported.\nEligibility verification.\nApplication in process."
"Want to opt out of marketing emails","Opt-out request received.\nPreference update.\nConfirmation follows."
"Screen sharing not working","Sharing issue reported.\nTechnical analysis.\nSolution in progress."
"Truly exceptional service","Positive service feedback received.\nGratitude valued.\nThank you."